tag,displayTag
love,love
instagood,instagood
fashion,fashion
photography,photography
viral,viral
reels,reels
explore,explore
fyp,fyp
travel,travel
music,music
ai,ai
climateaction,climateaction
afrobeats,afrobeats
techtrends,techtrends
sustainability,sustainability
metaverse,metaverse
crypto,crypto
springboks,springboks
datascience,datascience
innovation,innovation
mentalhealth,mentalhealth
gaming,gaming
fashionweek,fashionweek
renewableenergy,renewableenergy
blockchain,blockchain
africantech,africantech
musicfest,musicfest
digitalnomad,digitalnomad
cybersecurity,cybersecurity
healthtech,healthtech
