mediaId,type,url
m1,image,https://picsum.photos/seed/m1/400/300
m2,image,https://picsum.photos/seed/m2/400/300
m3,image,https://picsum.photos/seed/m3/400/300
m4,image,https://picsum.photos/seed/m4/400/300
m5,image,https://picsum.photos/seed/m5/400/300
m6,image,https://picsum.photos/seed/m6/400/300
m7,image,https://picsum.photos/seed/m7/400/300
m8,image,https://picsum.photos/seed/m8/400/300
m9,image,https://picsum.photos/seed/m9/400/300
m10,image,https://picsum.photos/seed/m10/400/300
m11,image,https://picsum.photos/seed/m11/400/300
m12,image,https://picsum.photos/seed/m12/400/300
m13,image,https://picsum.photos/seed/m13/400/300
m14,image,https://picsum.photos/seed/m14/400/300
m15,image,https://picsum.photos/seed/m15/400/300
m16,image,https://picsum.photos/seed/m16/400/300
m17,image,https://picsum.photos/seed/m17/400/300
m18,image,https://picsum.photos/seed/m18/400/300
m19,image,https://picsum.photos/seed/m19/400/300
m20,image,https://picsum.photos/seed/m20/400/300
m21,image,https://picsum.photos/seed/m21/400/300
m22,image,https://picsum.photos/seed/m22/400/300
m23,image,https://picsum.photos/seed/m23/400/300
m24,image,https://picsum.photos/seed/m24/400/300
m25,image,https://picsum.photos/seed/m25/400/300
m26,image,https://picsum.photos/seed/m26/400/300
m27,image,https://picsum.photos/seed/m27/400/300
m28,image,https://picsum.photos/seed/m28/400/300
m29,image,https://picsum.photos/seed/m29/400/300
m30,image,https://picsum.photos/seed/m30/400/300
m31,image,https://picsum.photos/seed/m31/400/300
m32,image,https://picsum.photos/seed/m32/400/300
m33,image,https://picsum.photos/seed/m33/400/300
m34,image,https://picsum.photos/seed/m34/400/300
m35,image,https://picsum.photos/seed/m35/400/300
m36,image,https://picsum.photos/seed/m36/400/300
m37,image,https://picsum.photos/seed/m37/400/300
m38,image,https://picsum.photos/seed/m38/400/300
m39,image,https://picsum.photos/seed/m39/400/300
m40,image,https://picsum.photos/seed/m40/400/300
m41,image,https://picsum.photos/seed/m41/400/300
m42,image,https://picsum.photos/seed/m42/400/300
m43,image,https://picsum.photos/seed/m43/400/300
m44,image,https://picsum.photos/seed/m44/400/300
m45,image,https://picsum.photos/seed/m45/400/300
m46,image,https://picsum.photos/seed/m46/400/300
m47,image,https://picsum.photos/seed/m47/400/300
m48,image,https://picsum.photos/seed/m48/400/300
m49,image,https://picsum.photos/seed/m49/400/300
m50,image,https://picsum.photos/seed/m50/400/300
m51,image,https://picsum.photos/seed/m51/400/300
m52,image,https://picsum.photos/seed/m52/400/300
m53,image,https://picsum.photos/seed/m53/400/300
m54,image,https://picsum.photos/seed/m54/400/300
m55,image,https://picsum.photos/seed/m55/400/300
m56,image,https://picsum.photos/seed/m56/400/300
m57,image,https://picsum.photos/seed/m57/400/300
m58,image,https://picsum.photos/seed/m58/400/300
m59,image,https://picsum.photos/seed/m59/400/300
m60,image,https://picsum.photos/seed/m60/400/300
m61,image,https://picsum.photos/seed/m61/400/300
m62,image,https://picsum.photos/seed/m62/400/300
m63,image,https://picsum.photos/seed/m63/400/300
m64,image,https://picsum.photos/seed/m64/400/300
m65,image,https://picsum.photos/seed/m65/400/300
m66,image,https://picsum.photos/seed/m66/400/300
m67,image,https://picsum.photos/seed/m67/400/300
m68,image,https://picsum.photos/seed/m68/400/300
m69,image,https://picsum.photos/seed/m69/400/300
m70,image,https://picsum.photos/seed/m70/400/300
m71,video,https://youtube.com/watch?v=v71
m72,video,https://youtube.com/watch?v=v72
m73,video,https://youtube.com/watch?v=v73
m74,video,https://youtube.com/watch?v=v74
m75,video,https://youtube.com/watch?v=v75
m76,video,https://youtube.com/watch?v=v76
m77,video,https://youtube.com/watch?v=v77
m78,video,https://youtube.com/watch?v=v78
m79,video,https://youtube.com/watch?v=v79
m80,video,https://youtube.com/watch?v=v80
m81,video,https://youtube.com/watch?v=v81
m82,video,https://youtube.com/watch?v=v82
m83,video,https://youtube.com/watch?v=v83
m84,video,https://youtube.com/watch?v=v84
m85,video,https://youtube.com/watch?v=v85
m86,video,https://youtube.com/watch?v=v86
m87,video,https://youtube.com/watch?v=v87
m88,video,https://youtube.com/watch?v=v88
m89,video,https://youtube.com/watch?v=v89
m90,video,https://youtube.com/watch?v=v90
m91,video,https://youtube.com/watch?v=v91
m92,video,https://youtube.com/watch?v=v92
m93,video,https://youtube.com/watch?v=v93
m94,video,https://youtube.com/watch?v=v94
m95,video,https://youtube.com/watch?v=v95
m96,video,https://youtube.com/watch?v=v96
m97,video,https://youtube.com/watch?v=v97
m98,video,https://youtube.com/watch?v=v98
m99,video,https://youtube.com/watch?v=v99
m100,video,https://youtube.com/watch?v=v100
